id,identifier_KR,identifier,species_id,height,weight,base_experience,order,is_default
1,이상해씨,bulbasaur,1,7,69,64,1,1
2,이상해풀,ivysaur,2,10,130,142,2,1
3,이상해꽃,venusaur,3,20,1000,236,3,1
4,파이리,charmander,4,6,85,62,5,1
5,리자드,charmeleon,5,11,190,142,6,1
6,리자몽,charizard,6,17,905,240,7,1
7,꼬부기,squirtle,7,5,90,63,10,1
8,어니부기,wartortle,8,10,225,142,11,1
9,거북왕,blastoise,9,16,855,239,12,1
10,캐터피,caterpie,10,3,29,39,14,1
11,단데기,metapod,11,7,99,72,15,1
12,버터플,butterfree,12,11,320,173,16,1
13,뿔충이,weedle,13,3,32,39,17,1
14,딱충이,kakuna,14,6,100,72,18,1
15,독침붕,beedrill,15,10,295,173,19,1
16,구구,pidgey,16,3,18,50,20,1
17,피죤,pidgeotto,17,11,300,122,21,1
18,피죤투,pidgeot,18,15,395,211,22,1
19,꼬렛,rattata,19,3,35,51,23,1
20,레트라,raticate,20,7,185,145,24,1
21,깨비참,spearow,21,3,20,52,25,1
22,깨비드릴조,fearow,22,12,380,155,26,1
23,아보,ekans,23,20,69,58,27,1
24,아보크,arbok,24,35,650,153,28,1
25,피카츄,pikachu,25,4,60,105,30,1
26,라이츄,raichu,26,8,300,214,31,1
27,모래두지,sandshrew,27,6,120,60,32,1
28,고지,sandslash,28,10,295,158,33,1
29,니드런♀,nidoran-f,29,4,70,55,34,1
30,니드리나,nidorina,30,8,200,128,35,1
31,니드퀸,nidoqueen,31,13,600,223,36,1
32,니드런♂,nidoran-m,32,5,90,55,37,1
33,니드리노,nidorino,33,9,195,128,38,1
34,니드킹,nidoking,34,14,620,223,39,1
35,삐삐,clefairy,35,6,75,113,41,1
36,픽시,clefable,36,13,400,213,42,1
37,식스테일,vulpix,37,6,99,60,43,1
38,나인테일,ninetales,38,11,199,177,44,1
39,푸린,jigglypuff,39,5,55,95,46,1
40,푸크린,wigglytuff,40,10,120,191,47,1
41,주뱃,zubat,41,8,75,49,48,1
42,골뱃,golbat,42,16,550,159,49,1
43,뚜벅쵸,oddish,43,5,54,64,51,1
44,냄새꼬,gloom,44,8,86,138,52,1
45,라플레시아,vileplume,45,12,186,216,53,1
46,파라스,paras,46,3,54,57,55,1
47,파라섹트,parasect,47,10,295,142,56,1
48,콘팡,venonat,48,10,300,61,57,1
49,도나리,venomoth,49,15,125,158,58,1
50,디그다,diglett,50,2,8,53,59,1
51,닥트리오,dugtrio,51,7,333,142,60,1
52,나옹,meowth,52,4,42,58,61,1
53,페르시온,persian,53,10,320,154,62,1
54,고라파덕,psyduck,54,8,196,64,63,1
55,골덕,golduck,55,17,766,175,64,1
56,망키,mankey,56,5,280,61,65,1
57,성원숭,primeape,57,10,320,159,66,1
58,가디,growlithe,58,7,190,70,67,1
59,윈디,arcanine,59,19,1550,194,68,1
60,발챙이,poliwag,60,6,124,60,69,1
61,슈륙챙이,poliwhirl,61,10,200,135,70,1
62,강챙이,poliwrath,62,13,540,225,71,1
63,캐이시,abra,63,9,195,62,73,1
64,윤겔라,kadabra,64,13,565,140,74,1
65,후딘,alakazam,65,15,480,221,75,1
66,알통몬,machop,66,8,195,61,77,1
67,근육몬,machoke,67,15,705,142,78,1
68,괴력몬,machamp,68,16,1300,227,79,1
69,모다피,bellsprout,69,7,40,60,80,1
70,우츠동,weepinbell,70,10,64,137,81,1
71,우츠보트,victreebel,71,17,155,216,82,1
72,왕눈해,tentacool,72,9,455,67,83,1
73,독파리,tentacruel,73,16,550,180,84,1
74,꼬마돌,geodude,74,4,200,60,85,1
75,데구리,graveler,75,10,1050,137,86,1
76,딱구리,golem,76,14,3000,218,87,1
77,포니타,ponyta,77,10,300,82,88,1
78,날쌩마,rapidash,78,17,950,175,89,1
79,야돈,slowpoke,79,12,360,63,90,1
80,야도란,slowbro,80,16,785,172,91,1
81,코일,magnemite,81,3,60,65,93,1
82,레어코일,magneton,82,10,600,163,94,1
83,파오리,farfetchd,83,8,150,123,96,1
84,두두,doduo,84,14,392,62,97,1
85,두트리오,dodrio,85,18,852,161,98,1
86,쥬쥬,seel,86,11,900,65,99,1
87,쥬레곤,dewgong,87,17,1200,166,100,1
88,질퍽이,grimer,88,9,300,65,101,1
89,질뻐기,muk,89,12,300,175,102,1
90,셀러,shellder,90,3,40,61,103,1
91,파르셀,cloyster,91,15,1325,184,104,1
92,고오스,gastly,92,13,1,62,105,1
93,고우스트,haunter,93,16,1,142,106,1
94,팬텀,gengar,94,15,405,225,107,1
95,롱스톤,onix,95,88,2100,77,109,1
96,슬리프,drowzee,96,10,324,66,111,1
97,슬리퍼,hypno,97,16,756,169,112,1
98,크랩,krabby,98,4,65,65,113,1
99,킹크랩,kingler,99,13,600,166,114,1
100,찌리리공,voltorb,100,5,104,66,115,1
101,붐볼,electrode,101,12,666,168,116,1
102,아라리,exeggcute,102,4,25,65,117,1
103,나시,exeggutor,103,20,1200,182,118,1
104,탕구리,cubone,104,4,65,64,119,1
105,텅구리,marowak,105,10,450,149,120,1
106,시라소몬,hitmonlee,106,15,498,159,122,1
107,홍수몬,hitmonchan,107,14,502,159,123,1
108,내루미,lickitung,108,12,655,77,125,1
109,또가스,koffing,109,6,10,68,127,1
110,또도가스,weezing,110,12,95,172,128,1
111,뿔카노,rhyhorn,111,10,1150,69,129,1
112,코뿌리,rhydon,112,19,1200,170,130,1
113,럭키,chansey,113,11,346,395,133,1
114,덩쿠리,tangela,114,10,350,87,135,1
115,캥카,kangaskhan,115,22,800,172,137,1
116,쏘드라,horsea,116,4,80,59,139,1
117,시드라,seadra,117,12,250,154,140,1
118,콘치,goldeen,118,6,150,64,142,1
119,왕콘치,seaking,119,13,390,158,143,1
120,별가사리,staryu,120,8,345,68,144,1
121,아쿠스타,starmie,121,11,800,182,145,1
122,마임맨,mr-mime,122,13,545,161,147,1
123,스라크,scyther,123,15,560,100,148,1
124,루주라,jynx,124,14,406,159,152,1
125,에레브,electabuzz,125,11,300,172,154,1
126,마그마,magmar,126,13,445,173,157,1
127,쁘사이저,pinsir,127,15,550,175,159,1
128,켄타로스,tauros,128,14,884,172,161,1
129,잉어킹,magikarp,129,9,100,40,162,1
130,갸라도스,gyarados,130,65,2350,189,163,1
131,라프라스,lapras,131,25,2200,187,165,1
132,메타몽,ditto,132,3,40,101,166,1
133,이브이,eevee,133,3,65,65,167,1
134,샤미드,vaporeon,134,10,290,184,168,1
135,쥬피썬더,jolteon,135,8,245,184,169,1
136,부스터,flareon,136,9,250,184,170,1
137,폴리곤,porygon,137,8,365,79,176,1
138,암나이트,omanyte,138,4,75,71,179,1
139,암스타,omastar,139,10,350,173,180,1
140,투구,kabuto,140,5,115,71,181,1
141,투구푸스,kabutops,141,13,405,173,182,1
142,프테라,aerodactyl,142,18,590,180,183,1
143,잠만보,snorlax,143,21,4600,189,186,1
144,프리져,articuno,144,17,554,261,187,1
145,썬더,zapdos,145,16,526,261,188,1
146,파이어,moltres,146,20,600,261,189,1
147,미뇽,dratini,147,18,33,60,190,1
148,신뇽,dragonair,148,40,165,147,191,1
149,망나뇽,dragonite,149,22,2100,270,192,1
150,뮤츠,mewtwo,150,20,1220,306,193,1
151,뮤,mew,151,4,40,270,196,1
152,치코리타,chikorita,152,9,64,64,197,1
153,베이리프,bayleef,153,12,158,142,198,1
154,메가니움,meganium,154,18,1005,236,199,1
155,브케인,cyndaquil,155,5,79,62,200,1
156,마그케인,quilava,156,9,190,142,201,1
157,블레이범,typhlosion,157,17,795,240,202,1
158,리아코,totodile,158,6,95,63,203,1
159,엘리게이,croconaw,159,11,250,142,204,1
160,장크로다일,feraligatr,160,23,888,239,205,1
161,꼬리선,sentret,161,8,60,43,206,1
162,다꼬리,furret,162,18,325,145,207,1
163,부우부,hoothoot,163,7,212,52,208,1
164,야부엉,noctowl,164,16,408,155,209,1
165,레디바,ledyba,165,10,108,53,210,1
166,레디안,ledian,166,14,356,137,211,1
167,페이검,spinarak,167,5,85,50,212,1
168,아리아도스,ariados,168,11,335,137,213,1
169,크로뱃,crobat,169,18,750,241,50,1
170,초라기,chinchou,170,5,120,66,214,1
171,랜턴,lanturn,171,12,225,161,215,1
172,피츄,pichu,172,3,20,41,29,1
173,삐,cleffa,173,3,30,44,40,1
174,푸푸린,igglybuff,174,3,10,42,45,1
175,토게피,togepi,175,3,15,49,216,1
176,토게틱,togetic,176,6,32,142,217,1
177,네이티,natu,177,2,20,64,219,1
178,네이티오,xatu,178,15,150,165,220,1
179,메리프,mareep,179,6,78,56,221,1
180,보송송,flaaffy,180,8,133,128,222,1
181,전룡,ampharos,181,14,615,225,223,1
182,아르코,bellossom,182,4,58,216,54,1
183,마릴,marill,183,4,85,88,226,1
184,마릴리,azumarill,184,8,285,185,227,1
185,꼬지모,sudowoodo,185,12,380,144,229,1
186,왕구리,politoed,186,11,339,225,72,1
187,통통코,hoppip,187,4,5,50,230,1
188,두코,skiploom,188,6,10,119,231,1
189,솜솜코,jumpluff,189,8,30,203,232,1
190,에이팜,aipom,190,8,115,72,233,1
191,해너츠,sunkern,191,3,18,36,235,1
192,해루미,sunflora,192,8,85,149,236,1
193,왕자리,yanma,193,12,380,78,237,1
194,우파,wooper,194,4,85,42,239,1
195,누오,quagsire,195,14,750,151,240,1
196,에브이,espeon,196,9,265,184,171,1
197,블래키,umbreon,197,10,270,184,172,1
198,니로우,murkrow,198,5,21,81,241,1
199,야도킹,slowking,199,20,795,172,92,1
200,무우마,misdreavus,200,7,10,87,243,1
201,안농,unown,201,5,50,118,245,1
202,마자용,wobbuffet,202,13,285,142,247,1
203,키링키,girafarig,203,15,415,159,248,1
204,피콘,pineco,204,6,72,58,249,1
205,쏘콘,forretress,205,12,1258,163,250,1
206,노고치,dunsparce,206,15,140,145,251,1
207,글라이거,gligar,207,11,648,86,252,1
208,강철톤,steelix,208,92,4000,179,110,1
209,블루,snubbull,209,6,78,60,254,1
210,그랑블루,granbull,210,14,487,158,255,1
211,침바루,qwilfish,211,5,39,86,256,1
212,핫삼,scizor,212,18,1180,175,149,1
213,단단지,shuckle,213,6,205,177,257,1
214,헤라크로스,heracross,214,15,540,175,258,1
215,포푸니,sneasel,215,9,280,86,260,1
216,깜지곰,teddiursa,216,6,88,66,262,1
217,링곰,ursaring,217,18,1258,175,263,1
218,마그마그,slugma,218,7,350,50,264,1
219,마그카르고,magcargo,219,8,550,144,265,1
220,꾸꾸리,swinub,220,4,65,50,266,1
221,메꾸리,piloswine,221,11,558,158,267,1
222,코산호,corsola,222,6,50,133,269,1
223,총어,remoraid,223,6,120,60,270,1
224,대포무노,octillery,224,9,285,168,271,1
225,딜리버드,delibird,225,9,160,116,272,1
226,만타인,mantine,226,21,2200,163,274,1
227,무장조,skarmory,227,17,505,163,275,1
228,델빌,houndour,228,6,108,66,276,1
229,헬가,houndoom,229,14,350,175,277,1
230,킹드라,kingdra,230,18,1520,243,141,1
231,코코리,phanpy,231,5,335,66,279,1
232,코리갑,donphan,232,11,1200,175,280,1
233,폴리곤2,porygon2,233,6,325,180,177,1
234,노라키,stantler,234,14,712,163,281,1
235,루브도,smeargle,235,12,580,88,282,1
236,배루키,tyrogue,236,7,210,42,121,1
237,카포에라,hitmontop,237,14,480,159,124,1
238,뽀뽀라,smoochum,238,4,60,61,151,1
239,에레키드,elekid,239,6,235,72,153,1
240,마그비,magby,240,7,214,73,156,1
241,밀탱크,miltank,241,12,755,172,283,1
242,해피너스,blissey,242,15,468,608,134,1
243,라이코,raikou,243,19,1780,261,284,1
244,앤테이,entei,244,21,1980,261,285,1
245,스이쿤,suicune,245,20,1870,261,286,1
246,애버라스,larvitar,246,6,720,60,287,1
247,데기라스,pupitar,247,12,1520,144,288,1
248,마기라스,tyranitar,248,20,2020,270,289,1
249,루기아,lugia,249,52,2160,306,291,1
250,칠색조,ho-oh,250,38,1990,306,292,1
251,세레비,celebi,251,6,50,270,293,1
252,나무지기,treecko,252,5,50,62,294,1
253,나무돌이,grovyle,253,9,216,142,295,1
254,나무킹,sceptile,254,17,522,239,296,1
255,아차모,torchic,255,4,25,62,297,1
256,영치코,combusken,256,9,195,142,298,1
257,번치코,blaziken,257,19,520,239,299,1
258,물짱이,mudkip,258,4,76,62,301,1
259,늪짱이,marshtomp,259,7,280,142,302,1
260,대짱이,swampert,260,15,819,241,303,1
261,포챠나,poochyena,261,5,136,44,304,1
262,그라에나,mightyena,262,10,370,147,305,1
263,지그제구리,zigzagoon,263,4,175,48,306,1
264,직구리,linoone,264,5,325,147,307,1
265,개무소,wurmple,265,3,36,39,308,1
266,실쿤,silcoon,266,6,100,72,309,1
267,뷰티플라이,beautifly,267,10,284,173,310,1
268,카스쿤,cascoon,268,7,115,41,311,1
269,독케일,dustox,269,12,316,135,312,1
270,연꽃몬,lotad,270,5,26,44,313,1
271,로토스,lombre,271,12,325,119,314,1
272,로파파,ludicolo,272,15,550,216,315,1
273,도토링,seedot,273,5,40,44,316,1
274,잎새코,nuzleaf,274,10,280,119,317,1
275,다탱구,shiftry,275,13,596,216,318,1
276,테일로,taillow,276,3,23,54,319,1
277,스왈로,swellow,277,7,198,151,320,1
278,갈모매,wingull,278,6,95,54,321,1
279,패리퍼,pelipper,279,12,280,151,322,1
280,랄토스,ralts,280,4,66,40,323,1
281,킬리아,kirlia,281,8,202,97,324,1
282,가디안,gardevoir,282,16,484,233,325,1
283,비구술,surskit,283,5,17,54,328,1
284,비나방,masquerain,284,8,36,145,329,1
285,버섯꼬,shroomish,285,4,45,59,330,1
286,버섯모,breloom,286,12,392,161,331,1
287,게을로,slakoth,287,8,240,56,332,1
288,발바로,vigoroth,288,14,465,154,333,1
289,게을킹,slaking,289,20,1305,252,334,1
290,토중몬,nincada,290,5,55,53,335,1
291,아이스크,ninjask,291,8,120,160,336,1
292,껍질몬,shedinja,292,8,12,83,337,1
293,소곤룡,whismur,293,6,163,48,338,1
294,노공룡,loudred,294,10,405,126,339,1
295,폭음룡,exploud,295,15,840,216,340,1
296,마크탕,makuhita,296,10,864,47,341,1
297,하리뭉,hariyama,297,23,2538,166,342,1
298,루리리,azurill,298,2,20,38,225,1
299,코코파스,nosepass,299,10,970,75,343,1
300,에나비,skitty,300,6,110,52,345,1
301,델케티,delcatty,301,11,326,133,346,1
302,깜까미,sableye,302,5,110,133,347,1
303,입치트,mawile,303,6,115,133,348,1
304,가보리,aron,304,4,600,66,350,1
305,갱도라,lairon,305,9,1200,151,351,1
306,보스로라,aggron,306,21,3600,239,352,1
307,요가랑,meditite,307,6,112,56,354,1
308,요가램,medicham,308,13,315,144,355,1
309,썬더라이,electrike,309,6,152,59,357,1
310,썬더볼트,manectric,310,15,402,166,358,1
311,플러시,plusle,311,4,42,142,360,1
312,마이농,minun,312,4,42,142,361,1
313,볼비트,volbeat,313,7,177,140,362,1
314,네오비트,illumise,314,6,177,140,363,1
315,로젤리아,roselia,315,3,20,140,365,1
316,꼴깍몬,gulpin,316,4,103,60,367,1
317,꿀꺽몬,swalot,317,17,800,163,368,1
318,샤프니아,carvanha,318,8,208,61,369,1
319,샤크니아,sharpedo,319,18,888,161,370,1
320,고래왕자,wailmer,320,20,1300,80,371,1
321,고래왕,wailord,321,145,3980,175,372,1
322,둔타,numel,322,7,240,61,373,1
323,폭타,camerupt,323,19,2200,161,374,1
324,코터스,torkoal,324,5,804,165,375,1
325,피그점프,spoink,325,7,306,66,376,1
326,피그킹,grumpig,326,9,715,165,377,1
327,얼루기,spinda,327,11,50,126,378,1
328,톱치,trapinch,328,7,150,58,379,1
329,비브라바,vibrava,329,11,153,119,380,1
330,플라이곤,flygon,330,20,820,234,381,1
331,선인왕,cacnea,331,4,513,67,382,1
332,밤선인,cacturne,332,13,774,166,383,1
333,파비코,swablu,333,4,12,62,384,1
334,파비코리,altaria,334,11,206,172,385,1
335,쟝고,zangoose,335,13,403,160,386,1
336,세비퍼,seviper,336,27,525,160,387,1
337,루나톤,lunatone,337,10,1680,154,388,1
338,솔록,solrock,338,12,1540,154,389,1
339,미꾸리,barboach,339,4,19,58,390,1
340,메깅,whiscash,340,9,236,164,391,1
341,가재군,corphish,341,6,115,62,392,1
342,가재장군,crawdaunt,342,11,328,164,393,1
343,오뚝군,baltoy,343,5,215,60,394,1
344,점토도리,claydol,344,15,1080,175,395,1
345,릴링,lileep,345,10,238,71,396,1
346,릴리요,cradily,346,15,604,173,397,1
347,아노딥스,anorith,347,7,125,71,398,1
348,아말도,armaldo,348,15,682,173,399,1
349,빈티나,feebas,349,6,74,40,400,1
350,밀로틱,milotic,350,62,1620,189,401,1
351,캐스퐁,castform,351,3,8,147,402,1
352,켈리몬,kecleon,352,10,220,154,406,1
353,어둠대신,shuppet,353,6,23,59,407,1
354,다크펫,banette,354,11,125,159,408,1
355,해골몽,duskull,355,8,150,59,410,1
356,미라몽,dusclops,356,16,306,159,411,1
357,트로피우스,tropius,357,20,1000,161,413,1
358,치렁,chimecho,358,6,10,149,415,1
359,앱솔,absol,359,12,470,163,416,1
360,마자,wynaut,360,6,140,52,246,1
361,눈꼬마,snorunt,361,7,168,60,418,1
362,얼음귀신,glalie,362,15,2565,168,419,1
363,대굴레오,spheal,363,8,395,58,421,1
364,씨레오,sealeo,364,11,876,144,422,1
365,씨카이저,walrein,365,14,1506,239,423,1
366,진주몽,clamperl,366,4,525,69,424,1
367,헌테일,huntail,367,17,270,170,425,1
368,분홍장이,gorebyss,368,18,226,170,426,1
369,시라칸,relicanth,369,10,234,170,427,1
370,사랑동이,luvdisc,370,6,87,116,428,1
371,아공이,bagon,371,6,421,60,429,1
372,쉘곤,shelgon,372,11,1105,147,430,1
373,보만다,salamence,373,15,1026,270,431,1
374,메탕,beldum,374,6,952,60,432,1
375,메탕구,metang,375,12,2025,147,433,1
376,메타그로스,metagross,376,16,5500,270,434,1
377,레지락,regirock,377,17,2300,261,435,1
378,레지아이스,regice,378,18,1750,261,436,1
379,레지스틸,registeel,379,19,2050,261,437,1
380,라티아스,latias,380,14,400,270,438,1
381,라티오스,latios,381,20,600,270,439,1
382,가이오가,kyogre,382,45,3520,302,440,1
383,그란돈,groudon,383,35,9500,302,441,1
384,레쿠쟈,rayquaza,384,70,2065,306,442,1
385,지라치,jirachi,385,3,11,270,443,1
386,테오키스,deoxys-normal,386,17,608,270,444,1
387,모부기,turtwig,387,4,102,64,448,1
388,수풀부기,grotle,388,11,970,142,449,1
389,토대부기,torterra,389,22,3100,236,450,1
390,불꽃숭이,chimchar,390,5,62,62,451,1
391,파이숭이,monferno,391,9,220,142,452,1
392,초염몽,infernape,392,12,550,240,453,1
393,팽도리,piplup,393,4,52,63,454,1
394,팽태자,prinplup,394,8,230,142,455,1
395,엠페르트,empoleon,395,17,845,239,456,1
396,찌르꼬,starly,396,3,20,49,457,1
397,찌르버드,staravia,397,6,155,119,458,1
398,찌르호크,staraptor,398,12,249,214,459,1
399,비버니,bidoof,399,5,200,50,460,1
400,비버통,bibarel,400,10,315,144,461,1
401,귀뚤뚜기,kricketot,401,3,22,39,462,1
402,귀뚤톡크,kricketune,402,10,255,134,463,1
403,꼬링크,shinx,403,5,95,53,464,1
404,럭시오,luxio,404,9,305,127,465,1
405,렌트라,luxray,405,14,420,235,466,1
406,꼬몽울,budew,406,2,12,56,364,1
407,로즈레이드,roserade,407,9,145,227,366,1
408,두개도스,cranidos,408,9,315,70,467,1
409,램펄드,rampardos,409,16,1025,173,468,1
410,방패톱스,shieldon,410,5,570,70,469,1
411,바리톱스,bastiodon,411,13,1495,173,470,1
412,도롱충이,burmy,412,2,34,45,471,1
413,도롱마담,wormadam-plant,413,5,65,148,472,1
414,나메일,mothim,414,9,233,148,475,1
415,세꿀버리,combee,415,3,55,49,476,1
416,비퀸,vespiquen,416,12,385,166,477,1
417,파치리스,pachirisu,417,4,39,142,478,1
418,브이젤,buizel,418,7,295,66,479,1
419,플로젤,floatzel,419,11,335,173,480,1
420,체리버,cherubi,420,4,33,55,481,1
421,체리꼬,cherrim,421,5,93,158,482,1
422,깝질무,shellos,422,3,63,65,483,1
423,트리토돈,gastrodon,423,9,299,166,484,1
424,겟핸보숭,ambipom,424,12,203,169,234,1
425,흔들풍손,drifloon,425,4,12,70,485,1
426,둥실라이드,drifblim,426,12,150,174,486,1
427,이어롤,buneary,427,4,55,70,487,1
428,이어롭,lopunny,428,12,333,168,488,1
429,무우마직,mismagius,429,9,44,173,244,1
430,돈크로우,honchkrow,430,9,273,177,242,1
431,나옹마,glameow,431,5,39,62,489,1
432,몬냥이,purugly,432,10,438,158,490,1
433,랑딸랑,chingling,433,2,6,57,414,1
434,스컹뿡,stunky,434,4,192,66,491,1
435,스컹탱크,skuntank,435,10,380,168,492,1
436,동미러,bronzor,436,5,605,60,493,1
437,동탁군,bronzong,437,13,1870,175,494,1
438,꼬지지,bonsly,438,5,150,58,228,1
439,흉내내,mime-jr,439,6,130,62,146,1
440,핑복,happiny,440,6,244,110,132,1
441,페라페,chatot,441,5,19,144,495,1
442,화강돌,spiritomb,442,10,1080,170,496,1
443,딥상어동,gible,443,7,205,60,497,1
444,한바이트,gabite,444,14,560,144,498,1
445,한카리아스,garchomp,445,19,950,270,499,1
446,먹고자,munchlax,446,6,1050,78,185,1
447,리오르,riolu,447,7,202,57,501,1
448,루카리오,lucario,448,12,540,184,502,1
449,히포포타스,hippopotas,449,8,495,66,504,1
450,하마돈,hippowdon,450,20,3000,184,505,1
451,스콜피,skorupi,451,8,120,66,506,1
452,드래피온,drapion,452,13,615,175,507,1
453,삐딱구리,croagunk,453,7,230,60,508,1
454,독개굴,toxicroak,454,13,444,172,509,1
455,무스틈니,carnivine,455,14,270,159,510,1
456,형광어,finneon,456,4,70,66,511,1
457,네오라이트,lumineon,457,12,240,161,512,1
458,타만타,mantyke,458,10,650,69,273,1
459,눈쓰개,snover,459,10,505,67,513,1
460,눈설왕,abomasnow,460,22,1355,173,514,1
461,포푸니라,weavile,461,11,340,179,261,1
462,자포코일,magnezone,462,12,1800,241,95,1
463,내룸벨트,lickilicky,463,17,1400,180,126,1
464,거대코뿌리,rhyperior,464,24,2828,241,131,1
465,덩쿠림보,tangrowth,465,20,1286,187,136,1
466,에레키블,electivire,466,18,1386,243,155,1
467,마그마번,magmortar,467,16,680,243,158,1
468,토게키스,togekiss,468,15,380,245,218,1
469,메가자리,yanmega,469,19,515,180,238,1
470,리피아,leafeon,470,10,255,184,173,1
471,글레이시아,glaceon,471,8,259,184,174,1
472,글라이온,gliscor,472,20,425,179,253,1
473,맘모꾸리,mamoswine,473,25,2910,239,268,1
474,폴리곤Z,porygon-z,474,9,340,241,178,1
475,엘레이드,gallade,475,16,520,233,327,1
476,대코파스,probopass,476,14,3400,184,344,1
477,야느와르몽,dusknoir,477,22,1066,236,412,1
478,눈여아,froslass,478,13,266,168,420,1
479,로토무,rotom,479,3,3,154,516,1
480,유크시,uxie,480,3,3,261,522,1
481,엠라이트,mesprit,481,3,3,261,523,1
482,아그놈,azelf,482,3,3,261,524,1
483,디아루가,dialga,483,54,6830,306,525,1
484,펄기아,palkia,484,42,3360,306,526,1
485,히드런,heatran,485,17,4300,270,527,1
486,레지기가스,regigigas,486,37,4200,302,528,1
487,기라티나,giratina-altered,487,45,7500,306,529,1
488,크레세리아,cresselia,488,15,856,270,531,1
489,피오네,phione,489,4,31,216,532,1
490,마나피,manaphy,490,3,14,270,533,1
491,다크라이,darkrai,491,15,505,270,534,1
492,쉐이미,shaymin-land,492,2,21,270,535,1
493,아르세우스,arceus,493,32,3200,324,537,1
494,비크티니,victini,494,4,40,270,539,1
495,주리비얀,snivy,495,6,81,62,540,1
496,샤비,servine,496,8,160,145,541,1
497,샤로다,serperior,497,33,630,238,542,1
498,뚜꾸리,tepig,498,5,99,62,543,1
499,차오꿀,pignite,499,10,555,146,544,1
500,염무왕,emboar,500,16,1500,238,545,1
501,수댕이,oshawott,501,5,59,62,546,1
502,쌍검자비,dewott,502,8,245,145,547,1
503,대검귀,samurott,503,15,946,238,548,1
504,보르쥐,patrat,504,5,116,51,549,1
505,보르그,watchog,505,11,270,147,550,1
506,요테리,lillipup,506,4,41,55,551,1
507,하데리어,herdier,507,9,147,130,552,1
508,바랜드,stoutland,508,12,610,221,553,1
509,쌔비냥,purrloin,509,4,101,56,554,1
510,레파르다스,liepard,510,11,375,156,555,1
511,야나프,pansage,511,6,105,63,556,1
512,야나키,simisage,512,11,305,174,557,1
513,바오프,pansear,513,6,110,63,558,1
514,바오키,simisear,514,10,280,174,559,1
515,앗차프,panpour,515,6,135,63,560,1
516,앗차키,simipour,516,10,290,174,561,1
517,몽나,munna,517,6,233,58,562,1
518,몽얌나,musharna,518,11,605,170,563,1
519,콩둘기,pidove,519,3,21,53,564,1
520,유토브,tranquill,520,6,150,125,565,1
521,켄호로우,unfezant,521,12,290,215,566,1
522,줄뮤마,blitzle,522,8,298,59,567,1
523,제브라이카,zebstrika,523,16,795,174,568,1
524,단굴,roggenrola,524,4,180,56,569,1
525,암트르,boldore,525,9,1020,137,570,1
526,기가이어스,gigalith,526,17,2600,227,571,1
527,또르박쥐,woobat,527,4,21,63,572,1
528,맘박쥐,swoobat,528,9,105,149,573,1
529,두더류,drilbur,529,3,85,66,574,1
530,몰드류,excadrill,530,7,404,178,575,1
531,다부니,audino,531,11,310,390,576,1
532,으랏차,timburr,532,6,125,61,577,1
533,토쇠골,gurdurr,533,12,400,142,578,1
534,노보청,conkeldurr,534,14,870,227,579,1
535,동챙이,tympole,535,5,45,59,580,1
536,두까비,palpitoad,536,8,170,134,581,1
537,두빅굴,seismitoad,537,15,620,225,582,1
538,던지미,throh,538,13,555,163,583,1
539,타격귀,sawk,539,14,510,163,584,1
540,두르보,sewaddle,540,3,25,62,585,1
541,두르쿤,swadloon,541,5,73,133,586,1
542,모아머,leavanny,542,12,205,221,587,1
543,마디네,venipede,543,4,53,52,588,1
544,휠구,whirlipede,544,12,585,126,589,1
545,펜드라,scolipede,545,25,2005,214,590,1
546,소미안,cottonee,546,3,6,56,591,1
547,엘풍,whimsicott,547,7,66,168,592,1
548,치릴리,petilil,548,5,66,56,593,1
549,드레디어,lilligant,549,11,163,168,594,1
550,배쓰나이,basculin-red-striped,550,10,180,161,595,1
551,깜눈크,sandile,551,7,152,58,597,1
552,악비르,krokorok,552,10,334,123,598,1
553,악비아르,krookodile,553,15,963,229,599,1
554,달막화,darumaka,554,6,375,63,600,1
555,불비달마,darmanitan-standard,555,13,929,168,601,1
556,마라카치,maractus,556,10,280,161,603,1
557,돌살이,dwebble,557,3,145,65,604,1
558,암팰리스,crustle,558,14,2000,166,605,1
559,곤율랭,scraggy,559,6,118,70,606,1
560,곤율거니,scrafty,560,11,300,171,607,1
561,심보러,sigilyph,561,14,140,172,608,1
562,데스마스,yamask,562,5,15,61,609,1
563,데스니칸,cofagrigus,563,17,765,169,610,1
564,프로토가,tirtouga,564,7,165,71,611,1
565,늑골라,carracosta,565,12,810,173,612,1
566,아켄,archen,566,5,95,71,613,1
567,아케오스,archeops,567,14,320,177,614,1
568,깨봉이,trubbish,568,6,310,66,615,1
569,더스트나,garbodor,569,19,1073,166,616,1
570,조로아,zorua,570,7,125,66,617,1
571,조로아크,zoroark,571,16,811,179,618,1
572,치라미,minccino,572,4,58,60,619,1
573,치라치노,cinccino,573,5,75,165,620,1
574,고디탱,gothita,574,4,58,58,621,1
575,고디보미,gothorita,575,7,180,137,622,1
576,고디모아젤,gothitelle,576,15,440,221,623,1
577,유니란,solosis,577,3,10,58,624,1
578,듀란,duosion,578,6,80,130,625,1
579,란쿨루스,reuniclus,579,10,201,221,626,1
580,꼬지보리,ducklett,580,5,55,61,627,1
581,스완나,swanna,581,13,242,166,628,1
582,바닐프티,vanillite,582,4,57,61,629,1
583,바닐리치,vanillish,583,11,410,138,630,1
584,배바닐라,vanilluxe,584,13,575,241,631,1
585,사철록,deerling,585,6,195,67,632,1
586,바라철록,sawsbuck,586,19,925,166,633,1
587,에몽가,emolga,587,4,50,150,634,1
588,딱정곤,karrablast,588,5,59,63,635,1
589,슈바르고,escavalier,589,10,330,173,636,1
590,깜놀버슬,foongus,590,2,10,59,637,1
591,뽀록나,amoonguss,591,6,105,162,638,1
592,탱그릴,frillish,592,12,330,67,639,1
593,탱탱겔,jellicent,593,22,1350,168,640,1
594,맘복치,alomomola,594,12,316,165,641,1
595,파쪼옥,joltik,595,1,6,64,642,1
596,전툴라,galvantula,596,8,143,165,643,1
597,철시드,ferroseed,597,6,188,61,644,1
598,너트령,ferrothorn,598,10,1100,171,645,1
599,기어르,klink,599,3,210,60,646,1
600,기기어르,klang,600,6,510,154,647,1
601,기기기어르,klinklang,601,6,810,234,648,1
602,저리어,tynamo,602,2,3,55,649,1
603,저리릴,eelektrik,603,12,220,142,650,1
604,저리더프,eelektross,604,21,805,232,651,1
605,리그레,elgyem,605,5,90,67,652,1
606,벰크,beheeyem,606,10,345,170,653,1
607,불켜미,litwick,607,3,31,55,654,1
608,램프라,lampent,608,6,130,130,655,1
609,샹델라,chandelure,609,10,343,234,656,1
610,터검니,axew,610,6,180,64,657,1
611,액슨도,fraxure,611,10,360,144,658,1
612,액스라이즈,haxorus,612,18,1055,243,659,1
613,코고미,cubchoo,613,5,85,61,660,1
614,툰베어,beartic,614,26,2600,170,661,1
615,프리지오,cryogonal,615,11,1480,170,662,1
616,쪼마리,shelmet,616,4,77,61,663,1
617,어지리더,accelgor,617,8,253,173,664,1
618,메더,stunfisk,618,7,110,165,665,1
619,비조푸,mienfoo,619,9,200,70,666,1
620,비조도,mienshao,620,14,355,179,667,1
621,크리만,druddigon,621,16,1390,170,668,1
622,골비람,golett,622,10,920,61,669,1
623,골루그,golurk,623,28,3300,169,670,1
624,자망칼,pawniard,624,5,102,68,671,1
625,절각참,bisharp,625,16,700,172,672,1
626,버프론,bouffalant,626,16,946,172,673,1
627,수리둥보,rufflet,627,5,105,70,674,1
628,워글,braviary,628,15,410,179,675,1
629,벌차이,vullaby,629,5,90,74,676,1
630,버랜지나,mandibuzz,630,12,395,179,677,1
631,앤티골,heatmor,631,14,580,169,678,1
632,아이앤트,durant,632,3,330,169,679,1
633,모노두,deino,633,8,173,60,680,1
634,디헤드,zweilous,634,14,500,147,681,1
635,삼삼드래,hydreigon,635,18,1600,270,682,1
636,활화르바,larvesta,636,11,288,72,683,1
637,불카모스,volcarona,637,16,460,248,684,1
638,코바르온,cobalion,638,21,2500,261,685,1
639,테라키온,terrakion,639,19,2600,261,686,1
640,비리디온,virizion,640,20,2000,261,687,1
641,토네로스,tornadus-incarnate,641,15,630,261,688,1
642,볼트로스,thundurus-incarnate,642,15,610,261,690,1
643,레시라무,reshiram,643,32,3300,306,692,1
644,제크로무,zekrom,644,29,3450,306,693,1
645,랜드로스,landorus-incarnate,645,15,680,270,694,1
646,큐레무,kyurem,646,30,3250,297,696,1
647,케르디오,keldeo-ordinary,647,14,485,261,699,1
648,메로엣타,meloetta-aria,648,6,65,270,701,1
649,게노세크트,genesect,649,15,825,270,703,1
650,도치마론,chespin,650,0,0,0,704,1
651,도치보구,quilladin,651,0,0,0,705,1
652,브리가론,chesnaught,652,0,0,0,706,1
653,푸호꼬,fennekin,653,0,0,0,707,1
654,테르나,braixen,654,0,0,0,708,1
655,마폭시,delphox,655,0,0,0,709,1
656,개구마르,froakie,656,0,0,0,710,1
657,개굴반장,frogadier,657,0,0,0,711,1
658,개굴닌자,greninja,658,0,0,0,712,1
659,파르빗,bunnelby,659,0,0,0,713,1
660,파르토,diggersby,660,0,0,0,714,1
661,화살꼬빈,fletchling,661,0,0,0,715,1
662,불화살빈,fletchinder,662,0,0,0,716,1
663,파이어로,talonflame,663,0,0,0,717,1
664,분이벌레,scatterbug,664,0,0,0,718,1
665,분떠도리,spewpa,665,0,0,0,719,1
666,비비용,vivillon,666,0,0,0,720,1
667,레오꼬,litleo,667,0,0,0,721,1
668,화염레오,pyroar,668,0,0,0,722,1
669,플라베베,flabebe,669,0,0,0,723,1
670,플라엣테,floette,670,0,0,0,724,1
671,플라제스,florges,671,0,0,0,725,1
672,메이클,skiddo,672,0,0,0,726,1
673,고고트,gogoat,673,0,0,0,727,1
674,판짱,pancham,674,0,0,0,728,1
675,부란다,pangoro,675,0,0,0,729,1
676,트리미앙,furfrou,676,0,0,0,730,1
677,냐스퍼,espurr,677,0,0,0,731,1
678,냐오닉스,meowstic-male,678,0,0,0,732,1
679,단칼빙,honedge,679,0,0,0,734,1
680,쌍검킬,doublade,680,0,0,0,735,1
681,킬가르도,aegislash-shield,681,0,0,0,736,1
682,슈쁘,spritzee,682,0,0,0,738,1
683,프레프티르,aromatisse,683,0,0,0,739,1
684,나룸퍼프,swirlix,684,0,0,0,740,1
685,나루림,slurpuff,685,0,0,0,741,1
686,오케이징,inkay,686,0,0,0,742,1
687,칼라마네로,malamar,687,0,0,0,743,1
688,거북손손,binacle,688,0,0,0,744,1
689,거북손데스,barbaracle,689,0,0,0,745,1
690,수레기,skrelp,690,0,0,0,746,1
691,드래캄,dragalge,691,0,0,0,747,1
692,완철포,clauncher,692,0,0,0,748,1
693,블로스터,clawitzer,693,0,0,0,749,1
694,목도리키텔,helioptile,694,0,0,0,750,1
695,일레도리자드,heliolisk,695,0,0,0,751,1
696,티고라스,tyrunt,696,0,0,0,752,1
697,견고라스,tyrantrum,697,0,0,0,753,1
698,아마루스,amaura,698,0,0,0,754,1
699,아마루르가,aurorus,699,0,0,0,755,1
700,님피아,sylveon,700,0,0,0,175,1
701,루차불,hawlucha,701,0,0,0,756,1
702,데덴네,dedenne,702,0,0,0,757,1
703,멜리시,carbink,703,0,0,0,758,1
704,미끄메라,goomy,704,0,0,0,759,1
705,미끄네일,sliggoo,705,0,0,0,760,1
706,미끄래곤,goodra,706,0,0,0,761,1
707,클레피,klefki,707,0,0,0,762,1
708,나목령,phantump,708,0,0,0,763,1
709,대로트,trevenant,709,0,0,0,764,1
710,호바귀,pumpkaboo-average,710,0,0,0,765,1
711,펌킨인,gourgeist-average,711,0,0,0,769,1
712,꽁어름,bergmite,712,0,0,0,773,1
713,크레베이스,avalugg,713,0,0,0,774,1
714,음뱃,noibat,714,0,0,0,775,1
715,음번,noivern,715,0,0,0,776,1
716,제르네아스,xerneas,716,0,0,0,777,1
717,이벨타르,yveltal,717,0,0,0,778,1
718,지가르데,zygarde,718,0,0,0,779,1